/*
* テーブル[storeddatahistory]の作成
* 既に存在すれば作成しない
*/
CREATE TABLE IF NOT EXISTS storeddatahistory(
  id BIGINT UNSIGNED NOT NULL AUTO_INCREMENT,
  user_id VARCHAR(32) NOT NULL,
  account_id VARCHAR(20) NOT NULL,
  data_section VARCHAR(255) NOT NULL,
  reference_date DATE NOT NULL,
  report_id VARCHAR(255) NOT NULL,
  report_type_id VARCHAR(255) NOT NULL,
  report_version VARCHAR(255),
  insert_datetime DATETIME NOT NULL DEFAULT CURRENT_TIMESTAMP,
  update_datetime DATETIME NOT NULL DEFAULT CURRENT_TIMESTAMP ON UPDATE CURRENT_TIMESTAMP,
  PRIMARY KEY(id)
) ENGINE=InnoDB DEFAULT CHARSET=utf8mb4;

/*
* テーブル[reportdefinition]の作成
* Drop,Create,Insert
*/
DROP TABLE IF EXISTS reportdefinition;

CREATE TABLE IF NOT EXISTS reportdefinition(
  id BIGINT UNSIGNED NOT NULL AUTO_INCREMENT,
  report_type_id VARCHAR(255) NOT NULL,
  report_version VARCHAR(255) NOT NULL,
  start_date DATE NOT NULL,
  report_format_file_path VARCHAR(255) NOT NULL,
  insert_datetime DATETIME NOT NULL DEFAULT CURRENT_TIMESTAMP,
  update_datetime DATETIME NOT NULL DEFAULT CURRENT_TIMESTAMP ON UPDATE CURRENT_TIMESTAMP,
  PRIMARY KEY(id),
  UNIQUE KEY _uniqekey (report_type_id,report_version)
) ENGINE=InnoDB DEFAULT CHARSET=utf8mb4;

INSERT INTO reportdefinition (report_type_id, report_version, start_date, report_format_file_path) VALUES
("11","1","1900-01-01","/data/report/InformationDeposit.jrxml"),
("12","1","1900-01-01","/data/report/InformationRepayment.jrxml"),
("13","1","1900-01-01","/data/report/CardLoanTransaction.jrxml"),
("14","1","1900-01-01","/data/report/InformationSelectingRate.jrxml"),
("15","1","1900-01-01","/data/report/ForeignCurrencyDepositOpen.jrxml"),
("16","1","1900-01-01","/data/report/ForeignCurrencyDueDate.jrxml"),
("17","1","1900-01-01","/data/report/ContractTermination.jrxml"),
("18","1","1900-01-01","/data/report/NoticeFloatingRate.jrxml");

/*
* テーブル[mypostmessagemap]の作成
* Drop,Create,Insert
*/
DROP TABLE IF EXISTS mypostmessagemap;

CREATE TABLE mypostmessagemap(
  id BIGINT UNSIGNED NOT NULL AUTO_INCREMENT,
  api_name VARCHAR(255) NOT NULL,
  status VARCHAR(255) NOT NULL,
  message_id VARCHAR(255) NOT NULL,
  key_name VARCHAR(255) NOT NULL,
  insert_datetime DATETIME NOT NULL DEFAULT CURRENT_TIMESTAMP,
  update_datetime DATETIME NOT NULL DEFAULT CURRENT_TIMESTAMP ON UPDATE CURRENT_TIMESTAMP,
  PRIMARY KEY(id),
  UNIQUE KEY(api_name,status,message_id)
) ENGINE=InnoDB DEFAULT CHARSET=utf8mb4;

INSERT INTO mypostmessagemap (api_name, status, message_id, key_name) VALUES
("1", "400", "BSC_0001", "801001"),
("1", "400", "BSA_0009", "801002"),
("1", "400", "BSA_0010", "801003"),
("1", "400", "BSA_0011", "801004"),
("1", "500", "BSC_0018", "801005"),
("1", "500", "BSC_0016", "801006"),
("1", "500", "BSC_0017", "801007"),
("1", "500", "BSC_0004", "801008"),
("1", "400", "BSA_0014", "801009"),
("1", "400", "returnHost", "801010"),
("1", "500", "returnHost", "801011"),
("1", "503", "returnHost", "801012"),
("1", "504", "returnHost", "801013"),
("2", "400", "BSC_0001", "802001"),
("2", "404", "BSA_0012", "802002"),
("2", "500", "BSC_0004", "802003"),
("2", "500", "BSC_0005", "802004"),
("2", "500", "BSC_0010", "802005"),
("2", "500", "BSC_0013", "802006"),
("2", "400", "returnHost", "802007"),
("2", "500", "returnHost", "802008"),
("2", "503", "returnHost", "802009"),
("2", "504", "returnHost", "802010"),
("11", "400", "BSC_0001", "911001"),
("11", "404", "BSA_0012", "911002"),
("11", "404", "BSR_0004", "911003"),
("11", "500", "BSC_0004", "911004"),
("11", "500", "BSC_0005", "911005"),
("11", "500", "BSC_0010", "911006"),
("11", "500", "BSC_0013", "911007"),
("11", "400", "returnHost", "911008"),
("11", "500", "returnHost", "911009"),
("11", "503", "returnHost", "911010"),
("11", "504", "returnHost", "911011"),
("12", "400", "BSC_0001", "912001"),
("12", "404", "BSA_0012", "912002"),
("12", "404", "BSR_0009", "912003"),
("12", "500", "BSC_0004", "912004"),
("12", "500", "BSC_0005", "912005"),
("12", "500", "BSC_0010", "912006"),
("12", "500", "BSC_0013", "912007"),
("12", "400", "returnHost", "912008"),
("12", "500", "returnHost", "912009"),
("12", "503", "returnHost", "912010"),
("12", "504", "returnHost", "912011"),
("13", "400", "BSC_0001", "913001"),
("13", "404", "BSA_0012", "913002"),
("13", "404", "BSR_0010", "913003"),
("13", "500", "BSC_0004", "913004"),
("13", "500", "BSC_0005", "913005"),
("13", "500", "BSC_0010", "913006"),
("13", "500", "BSC_0013", "913007"),
("13", "400", "returnHost", "913008"),
("13", "500", "returnHost", "913009"),
("13", "503", "returnHost", "913010"),
("13", "504", "returnHost", "913011"),
("14", "400", "BSC_0001", "914001"),
("14", "404", "BSA_0012", "914002"),
("14", "404", "BSR_0011", "914003"),
("14", "500", "BSC_0004", "914004"),
("14", "500", "BSC_0005", "914005"),
("14", "500", "BSC_0010", "914006"),
("14", "500", "BSC_0013", "914007"),
("14", "400", "returnHost", "914008"),
("14", "500", "returnHost", "914009"),
("14", "503", "returnHost", "914010"),
("14", "504", "returnHost", "914011"),
("15", "400", "BSC_0001", "915001"),
("15", "404", "BSA_0012", "915002"),
("15", "404", "BSR_0012", "915003"),
("15", "500", "BSC_0004", "915004"),
("15", "500", "BSC_0005", "915005"),
("15", "500", "BSC_0010", "915006"),
("15", "500", "BSC_0013", "915007"),
("15", "400", "returnHost", "915008"),
("15", "500", "returnHost", "915009"),
("15", "503", "returnHost", "915010"),
("15", "504", "returnHost", "915011"),
("16", "400", "BSC_0001", "916001"),
("16", "404", "BSA_0012", "916002"),
("16", "404", "BSR_0013", "916003"),
("16", "500", "BSC_0004", "916004"),
("16", "500", "BSC_0005", "916005"),
("16", "500", "BSC_0010", "916006"),
("16", "500", "BSC_0013", "916007"),
("16", "400", "returnHost", "916008"),
("16", "500", "returnHost", "916009"),
("16", "503", "returnHost", "916010"),
("16", "504", "returnHost", "916011"),
("17", "400", "BSC_0001", "917001"),
("17", "404", "BSA_0012", "917002"),
("17", "404", "BSR_0015", "917003"),
("17", "500", "BSC_0004", "917004"),
("17", "500", "BSC_0005", "917005"),
("17", "500", "BSC_0010", "917006"),
("17", "500", "BSC_0013", "917007"),
("17", "400", "returnHost", "917008"),
("17", "500", "returnHost", "917009"),
("17", "503", "returnHost", "917010"),
("17", "504", "returnHost", "917011"),
("18", "400", "BSC_0001", "918001"),
("18", "404", "BSA_0012", "918002"),
("18", "404", "BSR_0014", "918003"),
("18", "500", "BSC_0004", "918004"),
("18", "500", "BSC_0005", "918005"),
("18", "500", "BSC_0010", "918006"),
("18", "500", "BSC_0013", "918007"),
("18", "400", "returnHost", "918008"),
("18", "500", "returnHost", "918009"),
("18", "503", "returnHost", "918010"),
("18", "504", "returnHost", "918011");

DROP TABLE IF EXISTS message;

/*
* テーブル[message]の作成
* Drop,Create,Insert
*/
DROP TABLE IF EXISTS message;

CREATE TABLE message(
  id BIGINT UNSIGNED NOT NULL AUTO_INCREMENT,
  key_name VARCHAR(255) NOT NULL,
  message VARCHAR(255) NOT NULL,
  insert_datetime DATETIME NOT NULL DEFAULT CURRENT_TIMESTAMP,
  update_datetime DATETIME NOT NULL DEFAULT CURRENT_TIMESTAMP ON UPDATE CURRENT_TIMESTAMP,
  PRIMARY KEY(id),
  UNIQUE KEY(key_name)
) ENGINE=InnoDB DEFAULT CHARSET=utf8mb4;

INSERT INTO message (key_name, message) VALUES
("100001", "ユーザー名は6文字以上の半角英数字・記号で入力してください。"),
("100002", "店番号は半角数字3桁で入力してください。"),
("100003", "口座番号は半角数字7桁で入力してください。"),
("100004", "店番号は半角数字3桁、口座番号は半角数字7桁で入力してください。"),
("100005", "ユーザー名（または店番号・口座番号）、パスワードを入力してください。"),
("100006", "ユーザー名は半角6桁以上253桁以下で入力してください。"),
("100007", "店番号は半角数字3桁で入力してください。"),
("100008", "口座番号は半角数字7桁で入力してください。"),
("100009", "店番号は半角数字3桁、口座番号は半角数字7桁で入力してください。"),
("100010", "ユーザー名（または店番号・口座番号）、パスワードを入力してください。"),
("100011", "照会可能な口座がありません。"),
("100012", "送信元ページが正しくありません。再操作をお願いいたします。"),
("801001", "無効な操作が行われました。このメッセージ最後のエラーコードをお控えのうえ、ちゅうぎんお客さまサービスセンター（0120-234-273）までお問い合わせください。"),
("801002", "入力内容に誤りがあります。ご確認のうえ、もう一度入力してください。"),
("801003", "パスワードが連続して誤って入力されましたので、サービスのご利用を停止させていただきました。ログイン画面内の「パスワードをお忘れの場合」のリンクからパスワードの再設定を行ってください。"),
("801004", "パスワードを所定の回数以上誤って入力されたため、サービスのご利用を停止しております。ログイン画面内の「パスワードをお忘れの場合」のリンクからパスワードの再設定を行ってください。"),
("801005", "システムエラーが発生しました。このメッセージ最後のエラーコードをお控えのうえ、ちゅうぎんお客さまサービスセンター（0120-234-273）までお問い合わせください。"),
("801006", "システムエラーが発生しました。お手数ですが、再度操作を行ってください。"),
("801007", "システムエラーが発生しました。お手数ですが、再度操作を行ってください。"),
("801008", "システムエラーが発生しました。このメッセージ最後のエラーコードをお控えのうえ、ちゅうぎんお客さまサービスセンター（0120-234-273）までお問い合わせください。"),
("801009", "サービスのご利用を一時停止しています。"),
("801010", "システムエラーが発生しました。このメッセージ最後のエラーコードをお控えのうえ、ちゅうぎんお客さまサービスセンター（0120-234-273）までお問い合わせください。"),
("801011", "システムエラーが発生しました。このメッセージ最後のエラーコードをお控えのうえ、ちゅうぎんお客さまサービスセンター（0120-234-273）までお問い合わせください。"),
("801012", "システムエラーが発生しました。このメッセージ最後のエラーコードをお控えのうえ、ちゅうぎんお客さまサービスセンター（0120-234-273）までお問い合わせください。"),
("801013", "システムエラーが発生しました。このメッセージ最後のエラーコードをお控えのうえ、ちゅうぎんお客さまサービスセンター（0120-234-273）までお問い合わせください。"),
("802001", "無効な操作が行われました。このメッセージ最後のエラーコードをお控えのうえ、ちゅうぎんお客さまサービスセンター（0120-234-273）までお問い合わせください。"),
("802002", "システムエラーが発生しました。このメッセージ最後のエラーコードをお控えのうえ、ちゅうぎんお客さまサービスセンター（0120-234-273）までお問い合わせください。"),
("802003", "システムエラーが発生しました。このメッセージ最後のエラーコードをお控えのうえ、ちゅうぎんお客さまサービスセンター（0120-234-273）までお問い合わせください。"),
("802004", "システムエラーが発生しました。このメッセージ最後のエラーコードをお控えのうえ、ちゅうぎんお客さまサービスセンター（0120-234-273）までお問い合わせください。"),
("802005", "システムエラーが発生しました。お手数ですが、再度操作を行ってください。"),
("802006", "システムエラーが発生しました。このメッセージ最後のエラーコードをお控えのうえ、ちゅうぎんお客さまサービスセンター（0120-234-273）までお問い合わせください。"),
("802007", "システムエラーが発生しました。このメッセージ最後のエラーコードをお控えのうえ、ちゅうぎんお客さまサービスセンター（0120-234-273）までお問い合わせください。"),
("802008", "システムエラーが発生しました。このメッセージ最後のエラーコードをお控えのうえ、ちゅうぎんお客さまサービスセンター（0120-234-273）までお問い合わせください。"),
("802009", "システムエラーが発生しました。このメッセージ最後のエラーコードをお控えのうえ、ちゅうぎんお客さまサービスセンター（0120-234-273）までお問い合わせください。"),
("802010", "システムエラーが発生しました。このメッセージ最後のエラーコードをお控えのうえ、ちゅうぎんお客さまサービスセンター（0120-234-273）までお問い合わせください。"),
("911001", "システムエラーが発生しました。お手数ですが、再度操作を行ってください。"),
("911002", "システムエラーが発生しました。お手数ですが、再度操作を行ってください。"),
("911003", "システムエラーが発生しました。お手数ですが、再度操作を行ってください。"),
("911004", "システムエラーが発生しました。お手数ですが、再度操作を行ってください。"),
("911005", "システムエラーが発生しました。お手数ですが、再度操作を行ってください。"),
("911006", "システムエラーが発生しました。お手数ですが、再度操作を行ってください。"),
("911007", "システムエラーが発生しました。お手数ですが、再度操作を行ってください。"),
("911008", "システムエラーが発生しました。お手数ですが、再度操作を行ってください。"),
("911009", "システムエラーが発生しました。お手数ですが、再度操作を行ってください。"),
("911010", "システムエラーが発生しました。お手数ですが、再度操作を行ってください。"),
("911011", "システムエラーが発生しました。お手数ですが、再度操作を行ってください。"),
("912001", "システムエラーが発生しました。お手数ですが、再度操作を行ってください。"),
("912002", "システムエラーが発生しました。お手数ですが、再度操作を行ってください。"),
("912003", "システムエラーが発生しました。お手数ですが、再度操作を行ってください。"),
("912004", "システムエラーが発生しました。お手数ですが、再度操作を行ってください。"),
("912005", "システムエラーが発生しました。お手数ですが、再度操作を行ってください。"),
("912006", "システムエラーが発生しました。お手数ですが、再度操作を行ってください。"),
("912007", "システムエラーが発生しました。お手数ですが、再度操作を行ってください。"),
("912008", "システムエラーが発生しました。お手数ですが、再度操作を行ってください。"),
("912009", "システムエラーが発生しました。お手数ですが、再度操作を行ってください。"),
("912010", "システムエラーが発生しました。お手数ですが、再度操作を行ってください。"),
("912011", "システムエラーが発生しました。お手数ですが、再度操作を行ってください。"),
("913001", "システムエラーが発生しました。お手数ですが、再度操作を行ってください。"),
("913002", "システムエラーが発生しました。お手数ですが、再度操作を行ってください。"),
("913003", "システムエラーが発生しました。お手数ですが、再度操作を行ってください。"),
("913004", "システムエラーが発生しました。お手数ですが、再度操作を行ってください。"),
("913005", "システムエラーが発生しました。お手数ですが、再度操作を行ってください。"),
("913006", "システムエラーが発生しました。お手数ですが、再度操作を行ってください。"),
("913007", "システムエラーが発生しました。お手数ですが、再度操作を行ってください。"),
("913008", "システムエラーが発生しました。お手数ですが、再度操作を行ってください。"),
("913009", "システムエラーが発生しました。お手数ですが、再度操作を行ってください。"),
("913010", "システムエラーが発生しました。お手数ですが、再度操作を行ってください。"),
("913011", "システムエラーが発生しました。お手数ですが、再度操作を行ってください。"),
("914001", "システムエラーが発生しました。お手数ですが、再度操作を行ってください。"),
("914002", "システムエラーが発生しました。お手数ですが、再度操作を行ってください。"),
("914003", "システムエラーが発生しました。お手数ですが、再度操作を行ってください。"),
("914004", "システムエラーが発生しました。お手数ですが、再度操作を行ってください。"),
("914005", "システムエラーが発生しました。お手数ですが、再度操作を行ってください。"),
("914006", "システムエラーが発生しました。お手数ですが、再度操作を行ってください。"),
("914007", "システムエラーが発生しました。お手数ですが、再度操作を行ってください。"),
("914008", "システムエラーが発生しました。お手数ですが、再度操作を行ってください。"),
("914009", "システムエラーが発生しました。お手数ですが、再度操作を行ってください。"),
("914010", "システムエラーが発生しました。お手数ですが、再度操作を行ってください。"),
("914011", "システムエラーが発生しました。お手数ですが、再度操作を行ってください。"),
("915001", "システムエラーが発生しました。お手数ですが、再度操作を行ってください。"),
("915002", "システムエラーが発生しました。お手数ですが、再度操作を行ってください。"),
("915003", "システムエラーが発生しました。お手数ですが、再度操作を行ってください。"),
("915004", "システムエラーが発生しました。お手数ですが、再度操作を行ってください。"),
("915005", "システムエラーが発生しました。お手数ですが、再度操作を行ってください。"),
("915006", "システムエラーが発生しました。お手数ですが、再度操作を行ってください。"),
("915007", "システムエラーが発生しました。お手数ですが、再度操作を行ってください。"),
("915008", "システムエラーが発生しました。お手数ですが、再度操作を行ってください。"),
("915009", "システムエラーが発生しました。お手数ですが、再度操作を行ってください。"),
("915010", "システムエラーが発生しました。お手数ですが、再度操作を行ってください。"),
("915011", "システムエラーが発生しました。お手数ですが、再度操作を行ってください。"),
("916001", "システムエラーが発生しました。お手数ですが、再度操作を行ってください。"),
("916002", "システムエラーが発生しました。お手数ですが、再度操作を行ってください。"),
("916003", "システムエラーが発生しました。お手数ですが、再度操作を行ってください。"),
("916004", "システムエラーが発生しました。お手数ですが、再度操作を行ってください。"),
("916005", "システムエラーが発生しました。お手数ですが、再度操作を行ってください。"),
("916006", "システムエラーが発生しました。お手数ですが、再度操作を行ってください。"),
("916007", "システムエラーが発生しました。お手数ですが、再度操作を行ってください。"),
("916008", "システムエラーが発生しました。お手数ですが、再度操作を行ってください。"),
("916009", "システムエラーが発生しました。お手数ですが、再度操作を行ってください。"),
("916010", "システムエラーが発生しました。お手数ですが、再度操作を行ってください。"),
("916011", "システムエラーが発生しました。お手数ですが、再度操作を行ってください。"),
("917001", "システムエラーが発生しました。お手数ですが、再度操作を行ってください。"),
("917002", "システムエラーが発生しました。お手数ですが、再度操作を行ってください。"),
("917003", "システムエラーが発生しました。お手数ですが、再度操作を行ってください。"),
("917004", "システムエラーが発生しました。お手数ですが、再度操作を行ってください。"),
("917005", "システムエラーが発生しました。お手数ですが、再度操作を行ってください。"),
("917006", "システムエラーが発生しました。お手数ですが、再度操作を行ってください。"),
("917007", "システムエラーが発生しました。お手数ですが、再度操作を行ってください。"),
("917008", "システムエラーが発生しました。お手数ですが、再度操作を行ってください。"),
("917009", "システムエラーが発生しました。お手数ですが、再度操作を行ってください。"),
("917010", "システムエラーが発生しました。お手数ですが、再度操作を行ってください。"),
("917011", "システムエラーが発生しました。お手数ですが、再度操作を行ってください。"),
("918001", "システムエラーが発生しました。お手数ですが、再度操作を行ってください。"),
("918002", "システムエラーが発生しました。お手数ですが、再度操作を行ってください。"),
("918003", "システムエラーが発生しました。お手数ですが、再度操作を行ってください。"),
("918004", "システムエラーが発生しました。お手数ですが、再度操作を行ってください。"),
("918005", "システムエラーが発生しました。お手数ですが、再度操作を行ってください。"),
("918006", "システムエラーが発生しました。お手数ですが、再度操作を行ってください。"),
("918007", "システムエラーが発生しました。お手数ですが、再度操作を行ってください。"),
("918008", "システムエラーが発生しました。お手数ですが、再度操作を行ってください。"),
("918009", "システムエラーが発生しました。お手数ですが、再度操作を行ってください。"),
("918010", "システムエラーが発生しました。お手数ですが、再度操作を行ってください。"),
("918011", "システムエラーが発生しました。お手数ですが、再度操作を行ってください。"),
("701001", "一定時間画面を操作されなかったため、エラーとなりました。お手数ですが、再度ログインしてください。"),
("701002", "一定時間画面を操作されなかったため、エラーとなりました。お手数ですが、再度ログインしてください。"),
("901003", "不正なリクエストです。"),
("901004", "システムエラーが発生しました。"),
("701005", "一定時間画面を操作されなかったため、エラーとなりました。お手数ですが、再度ログインしてください。"),
("901006", "不正なリクエストです。"),
("902001", "システムエラーが発生しました。"),
("902002", "システムエラーが発生しました。"),
("902003", "システムエラーが発生しました。"),
("894004", "PDFのダウンロードができませんでした。"),
("902011", "システムエラーが発生しました。"),
("902102", "システムエラーが発生しました。"),
("902111", "システムエラーが発生しました。"),
("902201", "システムエラーが発生しました。"),
("902202", "システムエラーが発生しました。"),
("903101", "システムエラーが発生しました。"),
("903102", "システムエラーが発生しました。"),
("903201", "システムエラーが発生しました。"),
("903202", "システムエラーが発生しました。"),
("994001", "システムエラーが発生しました。"),
("994002", "システムエラーが発生しました。"),
("999001", "システムエラーが発生しました。"),
("999002", "システムエラーが発生しました。"),
("999003", "システムエラーが発生しました。"),
("999011", "システムエラーが発生しました。"),
("999021", "システムエラーが発生しました。"),
("999980", "システムエラーが発生しました。"),
("999981", "システムエラーが発生しました。"),
("999982", "システムエラーが発生しました。"),
("999983", "システムエラーが発生しました。"),
("999984", "システムエラーが発生しました。再度操作を行っていただくか、ユーザー名もしくは店番号･口座番号、パスワードを入力しログインしてください。"),
("999990", "システムエラーが発生しました。"),
("999998", "システムエラーが発生しました。"),
("999999", "システムエラーが発生しました。");

/*
* テーブル[constant]の作成
* Drop,Create,Insert
*/
DROP TABLE IF EXISTS constant;

CREATE TABLE constant(
  id BIGINT UNSIGNED NOT NULL AUTO_INCREMENT,
  key_name VARCHAR(255) NOT NULL,
  value VARCHAR(512) NOT NULL,
  insert_datetime DATETIME NOT NULL DEFAULT CURRENT_TIMESTAMP,
  update_datetime DATETIME NOT NULL DEFAULT CURRENT_TIMESTAMP ON UPDATE CURRENT_TIMESTAMP,
  PRIMARY KEY(id),
  UNIQUE KEY(key_name)
) ENGINE=InnoDB DEFAULT CHARSET=utf8mb4;

INSERT INTO constant (key_name, value) VALUES
("BBKEY0001", "cug"),
("BBKEY0005", "/accounts/"),
("BBKEY0006", "/user_authentication/"),
("BBKEY0007", "/accounts_for_report/"),
("BBKEY0012", "1"),
("BBKEY0013", "1"),
("BBKEY0014", "2"),
("BBKEY0018", "400"),
("BBKEY0019", "404"),
("BBKEY0020", "500"),
("BBKEY0029", "bankapp"),
("BBKEY0101", "/time_deposit_maturity_notifications/"),
("BBKEY0102", "/repayment_notifications/"),
("BBKEY0103", "/notice_card_loan_transaction/"),
("BBKEY0104", "/review_interest_rate_notifications/"),
("BBKEY0105", "/foreign_time_deposit_notifications_open/"),
("BBKEY0106", "/foreign_time_deposit_maturity_notifications/"),
("BBKEY0107", "/end_loan_contract/"),
("BBKEY0108", "/notice_floating_interest_rate_time_deposit/"),
("BBKEY0201", "11"),
("BBKEY0202", "12"),
("BBKEY0203", "13"),
("BBKEY0204", "14"),
("BBKEY0205", "15"),
("BBKEY0206", "16"),
("BBKEY0207", "17"),
("BBKEY0208", "18"),
("BBKEY0301", "11"),
("BBKEY0302", "12"),
("BBKEY0303", "13"),
("BBKEY0304", "14"),
("BBKEY0305", "15"),
("BBKEY0306", "16"),
("BBKEY0307", "17"),
("BBKEY0308", "18"),
("BBKEY9002", "80000"),
("BBKEY9003", "80000"),
("BBKEY9004", "1"),
("BBKEY9005", "0000-00000000-0000-0000-000000000042"),
("BBKEY9006", "eReport"),
("BBKEY9012", "RSA"),
("BBKEY9013", "ECB"),
("BBKEY9014", "OAEPWITHSHA-256ANDMGF1PADDING"),
("BBKEY9101", "_tsubasa_session"),
("BBKEY9103", "900"),
("BBKEY9104", "true"),
("BBKEY9105", "true"),
("BBKEY9106", "/app/denshikouhu/"),
("BBKEY9107", "returnHost");
commit;